date,asset,source,summary
2024-12-12,AAPL,portfolio,"Heading: ""AAPL (Portfolio)""

After analyzing the long-term historical data and recent indicators for AAPL, it is evident that the stock has been exhibiting strong bullish momentum. The Relative Strength Index (RSI) stands at 90.36, indicating that the stock is overbought in the short term. Additionally, the Moving Average Convergence Divergence (MACD) line is at 4.91, which is above the MACD signal of 3.60, suggesting further upward movement.

Recent news surrounding AAPL has been positive, with the company announcing new product launches and solid financial performance. Reddit sentiment also appears to be optimistic, further supporting the bullish outlook for the stock.

Considering the recent ~9.93% price increase, it may be prudent to exercise caution due to the stock's overbought condition. Therefore, the recommendation for your portfolio would be to ""Reduce your position by X%"". This action aims to lock in profits while managing the risk associated with the current market conditions.

For further insights, stay tuned for updates on AAPL's performance."
2024-12-12,AAPL,portfolio,"Heading: ""AAPL (Portfolio)""

Based on long-term data analysis, AAPL has shown a consistent upward trend over the past year, indicating strong growth potential. Short-term indicators such as a high Relative Strength Index (RSI=90.36) and a positive MACD line above the signal line (MACD_line=4.91, MACD_signal=3.60) suggest that the stock is currently overbought but still in an uptrend.

Recent news and Reddit sentiment are positive, contributing to a ~9.93% recent increase in the stock price. However, the high RSI and overbought conditions may lead to a short-term correction or consolidation.

Considering all factors, it is recommended to ""Reduce your position by X%"" in AAPL to lock in profits and manage potential downside risk from a short-term correction."
2024-12-12,MSFT,portfolio,"**MSFT (Portfolio)**

Based on a year of historical data, MSFT has shown a consistent upward trend, supported by strong financial performance and market demand for its products and services. Recent indicators for MSFT include an RSI of 80.95, indicating overbought conditions, and a MACD line of 6.80, higher than the MACD signal of 4.15, suggesting bullish momentum. The stock has experienced a recent change of approximately 7.41%.

Considering these factors along with recent news and Reddit sentiment, it is recommended to **reduce your position by X%** in MSFT. The overbought RSI and significant recent change may indicate a potential short-term pullback in the stock price. Taking profits or reducing exposure at this point could be a prudent strategy to manage risk and optimize returns in your portfolio.

Please let me know if you need further assistance or analysis on any other assets."
2024-12-12,SPY,portfolio,"**SPY (Portfolio)**

Based on the historical data analysis, SPY has exhibited a consistent upward trend over the past year, demonstrating resilience during market fluctuations. The recent indicators show a slightly overbought condition with the Relative Strength Index (RSI) at 75.9963, suggesting a potential short-term reversal.

The Moving Average Convergence Divergence (MACD) line is slightly below the signal line, indicating a weakening bullish momentum. The recent price change of approximately 1.45% reflects a minor uptick in volatility.

Considering the overall market sentiment and recent news, which are generally positive but with some cautionary tones, it is advisable to **reduce your position by a small percentage** in SPY at this time to manage potential short-term risks and lock in profits.

Please let me know if you would like further analysis or have any specific questions."
2024-12-12,bitcoin,portfolio,"### BITCOIN (Portfolio)

#### Long-term Analysis:
- Historical data indicates that Bitcoin has shown a pattern of volatility followed by periods of consolidation, potentially signaling a period of stability.
- Long-term indicators suggest that Bitcoin has the potential for sustained growth based on previous cycles.

#### Short-term Analysis:
- Recent indicators for Bitcoin show an RSI of 61.46, indicating a neutral stance in the short term.
- The MACD line (3457.17) is below the MACD signal (3940.30), which may suggest a short-term bearish trend.
- Bitcoin has experienced a recent change of approximately 14.44%, potentially indicating a short-term price movement.

#### News and Sentiment:
- Recent news and Reddit sentiment suggest mixed opinions regarding Bitcoin's future performance, with some highlighting positive developments and others expressing caution.

### Recommendation:
- **Hold at current levels**
- **Monitor closely for potential buying opportunities**"
2024-12-12,ethereum,portfolio,"**ETHEREUM (Portfolio)**

Based on the historical data analysis, Ethereum has shown a pattern of positive growth over the past year, with periodic fluctuations that tend to align with broader market trends. This indicates a strong long-term potential for Ethereum within your portfolio.

In the short term, recent indicators for Ethereum show an RSI of 59.29, indicating a slightly bullish sentiment, and the MACD line is below the MACD signal, suggesting a potential upcoming bearish trend. There has been approximately a 17.23% increase in Ethereum's value over the past month.

Considering the recent news surrounding Ethereum's potential upgrades and increased adoption, along with positive sentiment on Reddit, it seems that Ethereum is poised for continued growth.

**Recommendation: Hold at current levels**

Given the positive long-term outlook and the current bullish sentiment, it is advisable to maintain your current position in Ethereum within your portfolio."
2024-12-12,TSLA,watchlist,"Heading: ""TSLA (Watchlist)""

After analyzing the long-term historical data and recent indicators for TSLA, including an RSI of 79.93, MACD line of 30.19, MACD signal of 25.79, and a ~21.36% recent change, it is evident that the stock is currently overbought in the short term.

Recent news and Reddit sentiment may be contributing to the heightened volatility and price movement in TSLA. Considering the current indicators and sentiment, it is recommended to **""Wait for a pullback before buying""** if TSLA is on your watchlist. 

Please note that this recommendation is based on the available data and market conditions at the time of analysis."
2024-12-12,cardano,watchlist,"Heading: ""CARDANO (Watchlist)""

Based on long-term patterns and recent indicators for Cardano, combined with the latest news and Reddit sentiment, the current recommendation is to ""Begin a small initial position"" at this time.

The Relative Strength Index (RSI) stands at 54.57, indicating a neutral stance. The Moving Average Convergence Divergence (MACD) line is below the signal line, suggesting a potential bearish signal. However, it's essential to note that recent changes have shown an increase of approximately 88.37%.

Taking into account the overall market conditions and recent performance, initiating a small position in Cardano could be a strategic move. Keep a close eye on future developments and adjust your strategy accordingly."
