title,score,num_comments,created_utc,url,subreddit
Weekly Discussion Thread [What are you building?],3,2,1733835677.0,https://www.reddit.com/r/ethereum/comments/1hb1835/weekly_discussion_thread_what_are_you_building/,ethereum
"Daily General Discussion - December 12, 2024",17,14,1733986898.0,https://www.reddit.com/r/ethereum/comments/1hcfi6t/daily_general_discussion_december_12_2024/,ethereum
"I sold all my crypto for ETH, now I could run a node",79,71,1733982195.0,https://www.reddit.com/r/ethereum/comments/1hcecxk/i_sold_all_my_crypto_for_eth_now_i_could_run_a/,ethereum
Do Ethereum's planned upgrades render Polygon Obsolete?,2,1,1734008240.0,https://www.reddit.com/r/ethereum/comments/1hckikb/do_ethereums_planned_upgrades_render_polygon/,ethereum
Advancing EVM Decompilation: Enhancing Output via LLM-Driven Post-Processing,44,3,1733939039.0,https://jbecker.dev/pdf/llm-postprocessing.pdf,ethereum
Ethereum high fees.,28,11,1733920624.0,https://www.reddit.com/r/ethereum/comments/1hbsi86/ethereum_high_fees/,ethereum
"Daily General Discussion - December 11, 2024",42,33,1733900461.0,https://www.reddit.com/r/ethereum/comments/1hbnvb1/daily_general_discussion_december_11_2024/,ethereum
Safe place to stake eth?,7,29,1733935654.0,https://www.reddit.com/r/ethereum/comments/1hbxu0l/safe_place_to_stake_eth/,ethereum
Understanding the architecture of Ethereum light client,2,3,1733939937.0,https://www.reddit.com/r/ethereum/comments/1hbzkht/understanding_the_architecture_of_ethereum_light/,ethereum
Borrowing against your crypto: underrated or risky?,1,1,1733930974.0,https://www.reddit.com/r/ethereum/comments/1hbw0bf/borrowing_against_your_crypto_underrated_or_risky/,ethereum
Quantum Computing A Real Risk?,51,64,1733850046.0,https://www.reddit.com/r/ethereum/comments/1hb6fl9/quantum_computing_a_real_risk/,ethereum
Blockchain Security,3,1,1733896969.0,https://www.reddit.com/r/ethereum/comments/1hbn0sd/blockchain_security/,ethereum
On Increasing the Block Gas Limit: Technical Considerations & Path Forward,14,5,1733871932.0,https://ethresear.ch/t/on-increasing-the-block-gas-limit-technical-considerations-path-forward/21225,ethereum
"It's been 12 days since I staked my ETH, when will I start getting rewards?",5,66,1733890063.0,https://www.reddit.com/r/ethereum/comments/1hbl38s/its_been_12_days_since_i_staked_my_eth_when_will/,ethereum
How does Ethereum explain the gap in using prediction markets for controversial topics like alien disclosure?,0,9,1733916560.0,https://www.reddit.com/r/ethereum/comments/1hbrfdu/how_does_ethereum_explain_the_gap_in_using/,ethereum
Client testing call #16 - Protocol Call,9,0,1733872579.0,https://ethereum-magicians.org/t/client-testing-call-16-december-9-2024/22137,ethereum
Results from the Academic Grants Round 2022 | Ethereum Foundation Blog,4,0,1733870417.0,https://blog.ethereum.org/2024/12/10/academic-grants-22,ethereum
Digital Repatriation | Ethereum Foundation Blog,4,0,1733870364.0,https://blog.ethereum.org/2024/12/09/digital-repatriation,ethereum
"The Future of Crypto Wallets: MPC, Multisig or Smart Wallets?",8,5,1733852491.0,https://brynard.com/blog/multisig-comparison/,ethereum
"Build Your Own DeFi Analytics Dashboard: An Open Source Alternative to Poocoin, DexTools, and DexScreener with Next.js and Ethers",5,1,1733858857.0,https://www.reddit.com/r/ethereum/comments/1hb9ykl/build_your_own_defi_analytics_dashboard_an_open/,ethereum
